{
  "sample_rate": 44100,
  "duration": 60.0,
  "tempo_bpm": 0.0,
  "is_ambient": false,
  "is_rhythmic": false,
  "fundamental_freq": 257.65850830078125,
  "fundamental_std": 79.18304443359375,
  "spectral_centroid": 209.48908759466403,
  "spectral_centroid_std": 445.31974021227137,
  "spectral_rolloff": 250.0859877642463,
  "spectral_bandwidth": 954.7629010423747,
  "rms_energy": 0.1735692173242569,
  "rms_energy_std": 0.05707504600286484,
  "zero_crossing_rate": 0.003758669637674149,
  "harmonic_ratio": 0.9709760546684265,
  "percussive_ratio": 0.05253050848841667,
  "low_band_peak_freq": 43.06640625,
  "mid_band_peak_freq": 258.3984375,
  "high_band_peak_freq": 22028.466796875,
  "mfcc": [
    -407.78387451171875,
    132.91070556640625,
    83.97418212890625,
    48.13805389404297,
    33.394107818603516
  ],
  "chroma": [
    0.9685823917388916,
    0.925288736820221,
    0.8320220112800598,
    0.7516883611679077,
    0.6802639365196228,
    0.6269163489341736,
    0.5350717902183533,
    0.49449583888053894,
    0.49297425150871277,
    0.5405205488204956,
    0.6520544290542603,
    0.8170067667961121
  ]
}